{"cameraMode":{"drawMode":0,"name":"Shaded","section":"Shading Mode"},"sceneLighting":true,"audioPlay":false,"sceneViewState":{"showFog":true,"showMaterialUpdate":true,"showSkybox":true,"showFlares":true,"showImageEffects":true,"showParticleSystems":true},"in2DMode":false,"pivot":{"x":-37.154319763183597,"y":46.5627326965332,"z":1.164306640625},"rotation":{"x":0.004190461710095406,"y":-0.0024027801118791105,"z":-0.000010176550858886912,"w":-0.9999887943267822},"size":149.0808563232422,"orthographic":false}