{"cameraMode":{"drawMode":0,"name":"Shaded","section":"Shading Mode"},"sceneLighting":true,"audioPlay":false,"sceneViewState":{"showFog":true,"showMaterialUpdate":false,"showSkybox":true,"showFlares":true,"showImageEffects":true,"showParticleSystems":true},"in2DMode":false,"pivot":{"x":0.5919111371040344,"y":0.49244067072868349,"z":0.1945362091064453},"rotation":{"x":0.004499958362430334,"y":-0.0023981346748769285,"z":0.000010820297575264703,"w":0.9999876022338867},"size":16.794429779052736,"orthographic":false}