{"cameraMode":{"drawMode":0,"name":"Shaded","section":"Shading Mode"},"sceneLighting":true,"audioPlay":false,"sceneViewState":{"showFog":true,"showMaterialUpdate":true,"showSkybox":true,"showFlares":true,"showImageEffects":true,"showParticleSystems":true},"in2DMode":false,"pivot":{"x":-99.80337524414063,"y":1.7083969116210938,"z":1.8410725593566895},"rotation":{"x":0.004190461710095406,"y":-0.0024027801118791105,"z":-0.000010176550858886912,"w":-0.9999887943267822},"size":7.618037700653076,"orthographic":false}